City,Region,Country
Montreal,Quebec,Canada
New Brunswick,,Canada
Quebec City,Quebec,Canada
Toronto,Ontario,Canada
Vancouver,British Columbia,Canada
Victoria,British Columbia,Canada
Winnipeg,Manitoba,Canada
Asheville,North Carolina,Canada
Austin,Texas,Canada
Boston,Massachusetts,Canada
Bozeman,Montana,Canada
Broward County,Florida,Canada
Cambridge,Massachusetts,Canada
Chicago,Illinois,Canada
"Clark County, NV",Nevada,Canada
Columbus,Ohio,Canada
Dallas,Texas,Canada
Denver,Colorado,Canada
Fort Worth,Texas,Canada
Hawaii,,Canada
Jersey City,New Jersey,Canada
Los Angeles,California,Canada
Nashville,Tennessee,Canada
New Orleans,Louisiana,Canada
New York City,New York,Canada
Newark,New Jersey,Canada
Oakland,California,Canada
Pacific Grove,California,Canada
Portland,Oregon,Canada
Rhode Island,,Canada
"Salem, OR",Oregon,Canada
San Diego,California,Canada
San Francisco,California,Canada
San Mateo County,California,Canada
Santa Clara County,California,Canada
Santa Cruz County,California,Canada
Seattle,Washington,Canada
Twin Cities MSA,Minnesota,Canada
"Washington, D.C.",District of Columbia,Canada
Vienna,,Canada
Antwerp,Flemish Region,Canada
Brussels,,Canada
Ghent,Flemish Region,Canada
Prague,,Canada
Copenhagen,Hovedstaden,Canada
Bordeaux,Nouvelle-Aquitaine,Canada
Lyon,Auvergne-Rhone-Alpes,Canada
Paris,Ãle-de-France,Canada
Pays Basque,PyrÃ©nÃ©es-Atlantiques,Canada
Berlin,,Canada
Munich,Bavaria,Canada
Athens,Attica,Canada
Crete,,Canada
South Aegean,,Canada
Thessaloniki,Central Macedonia,Canada
Dublin,Leinster,Canada
Bergamo,Lombardia,Canada
Bologna,Emilia-Romagna,Canada
Florence,Toscana,Canada
Milan,Lombardy,Canada
Naples,Campania,Canada
Puglia,,Canada
Rome,Lazio,Canada
Sicily,Sicilia,Canada
Trentino,,Canada
Venice,Veneto,Canada
Riga,,Canada
Oslo,,Canada
Lisbon,,Canada
Porto,Norte,Canada
Barcelona,Catalonia,Canada
Euskadi,,Canada
Girona,Catalonia,Canada
Madrid,Comunidad de,Canada
Malaga,AndalucÃ­a,Canada
Mallorca,Islas Baleares,Canada
Menorca,Islas Baleares,Canada
Sevilla,AndalucÃ­a,Canada
Valencia,,Canada
Stockholm,,Canada
Geneva,,Canada
Vaud,,Canada
Zurich,ZÃ¼rich,Canada
Amsterdam,North Holland,Canada
Rotterdam,South Holland,Canada
The Hague,South Holland,Canada
Istanbul,Marmara,Canada
Bristol,England,Canada
Edinburgh,Scotland,Canada
Greater Manchester,England,Canada
London,England,Canada
Cape Town,Western Cape,Canada
Barossa Valley,South Australia,Canada
"Barwon South West, Vic",Victoria,Canada
Melbourne,Victoria,Canada
Mid North Coast,New South Wales,Canada
Mornington Peninsula,Victoria,Canada
Northern Rivers,New South Wales,Canada
Sydney,New South Wales,Canada
Tasmania,,Canada
Western Australia,,Canada
Beijing,,Canada
Hong Kong,,Canada
Shanghai,,Canada
Tokyo,KantÅ,Canada
Singapore,,Canada
Taipei,Northern Taiwan,Canada
Bangkok,Central Thailand,Canada
Buenos Aires,Ciudad AutÃ³noma de,Canada
Belize,,Canada
Rio de Janeiro,,Canada
Santiago,RegiÃ³n Metropolitana de,Canada
Mexico City,Distrito Federal,Canada
Asheville,North Carolina,United States
Austin,Texas,United States
Boston,Massachusetts,United States
Bozeman,Montana,United States
Broward County,Florida,United States
Cambridge,Massachusetts,United States
Chicago,Illinois,United States
"Clark County, NV",Nevada,United States
Columbus,Ohio,United States
Dallas,Texas,United States
Denver,Colorado,United States
Fort Worth,Texas,United States
Hawaii,,United States
Jersey City,New Jersey,United States
Los Angeles,California,United States
Nashville,Tennessee,United States
New Orleans,Louisiana,United States
New York City,New York,United States
Newark,New Jersey,United States
Oakland,California,United States
Pacific Grove,California,United States
Portland,Oregon,United States
Rhode Island,,United States
"Salem, OR",Oregon,United States
San Diego,California,United States
San Francisco,California,United States
San Mateo County,California,United States
Santa Clara County,California,United States
Santa Cruz County,California,United States
Seattle,Washington,United States
Twin Cities MSA,Minnesota,United States
"Washington, D.C.",District of Columbia,United States
Vienna,,United States
Antwerp,Flemish Region,United States
Brussels,,United States
Ghent,Flemish Region,United States
Prague,,United States
Copenhagen,Hovedstaden,United States
Bordeaux,Nouvelle-Aquitaine,United States
Lyon,Auvergne-Rhone-Alpes,United States
Paris,Ãle-de-France,United States
Pays Basque,PyrÃ©nÃ©es-Atlantiques,United States
Berlin,,United States
Munich,Bavaria,United States
Athens,Attica,United States
Crete,,United States
South Aegean,,United States
Thessaloniki,Central Macedonia,United States
Dublin,Leinster,United States
Bergamo,Lombardia,United States
Bologna,Emilia-Romagna,United States
Florence,Toscana,United States
Milan,Lombardy,United States
Naples,Campania,United States
Puglia,,United States
Rome,Lazio,United States
Sicily,Sicilia,United States
Trentino,,United States
Venice,Veneto,United States
Riga,,United States
Oslo,,United States
Lisbon,,United States
Porto,Norte,United States
Barcelona,Catalonia,United States
Euskadi,,United States
Girona,Catalonia,United States
Madrid,Comunidad de,United States
Malaga,AndalucÃ­a,United States
Mallorca,Islas Baleares,United States
Menorca,Islas Baleares,United States
Sevilla,AndalucÃ­a,United States
Valencia,,United States
Stockholm,,United States
Geneva,,United States
Vaud,,United States
Zurich,ZÃ¼rich,United States
Amsterdam,North Holland,United States
Rotterdam,South Holland,United States
The Hague,South Holland,United States
Istanbul,Marmara,United States
Bristol,England,United States
Edinburgh,Scotland,United States
Greater Manchester,England,United States
London,England,United States
Cape Town,Western Cape,United States
Barossa Valley,South Australia,United States
"Barwon South West, Vic",Victoria,United States
Melbourne,Victoria,United States
Mid North Coast,New South Wales,United States
Mornington Peninsula,Victoria,United States
Northern Rivers,New South Wales,United States
Sydney,New South Wales,United States
Tasmania,,United States
Western Australia,,United States
Beijing,,United States
Hong Kong,,United States
Shanghai,,United States
Tokyo,KantÅ,United States
Singapore,,United States
Taipei,Northern Taiwan,United States
Bangkok,Central Thailand,United States
Buenos Aires,Ciudad AutÃ³noma de,United States
Belize,,United States
Rio de Janeiro,,United States
Santiago,RegiÃ³n Metropolitana de,United States
Mexico City,Distrito Federal,United States
Vienna,,Austria
Antwerp,Flemish Region,Austria
Brussels,,Austria
Ghent,Flemish Region,Austria
Prague,,Austria
Copenhagen,Hovedstaden,Austria
Bordeaux,Nouvelle-Aquitaine,Austria
Lyon,Auvergne-Rhone-Alpes,Austria
Paris,Ãle-de-France,Austria
Pays Basque,PyrÃ©nÃ©es-Atlantiques,Austria
Berlin,,Austria
Munich,Bavaria,Austria
Athens,Attica,Austria
Crete,,Austria
South Aegean,,Austria
Thessaloniki,Central Macedonia,Austria
Dublin,Leinster,Austria
Bergamo,Lombardia,Austria
Bologna,Emilia-Romagna,Austria
Florence,Toscana,Austria
Milan,Lombardy,Austria
Naples,Campania,Austria
Puglia,,Austria
Rome,Lazio,Austria
Sicily,Sicilia,Austria
Trentino,,Austria
Venice,Veneto,Austria
Riga,,Austria
Oslo,,Austria
Lisbon,,Austria
Porto,Norte,Austria
Barcelona,Catalonia,Austria
Euskadi,,Austria
Girona,Catalonia,Austria
Madrid,Comunidad de,Austria
Malaga,AndalucÃ­a,Austria
Mallorca,Islas Baleares,Austria
Menorca,Islas Baleares,Austria
Sevilla,AndalucÃ­a,Austria
Valencia,,Austria
Stockholm,,Austria
Geneva,,Austria
Vaud,,Austria
Zurich,ZÃ¼rich,Austria
Amsterdam,North Holland,Austria
Rotterdam,South Holland,Austria
The Hague,South Holland,Austria
Istanbul,Marmara,Austria
Bristol,England,Austria
Edinburgh,Scotland,Austria
Greater Manchester,England,Austria
London,England,Austria
Cape Town,Western Cape,Austria
Barossa Valley,South Australia,Austria
"Barwon South West, Vic",Victoria,Austria
Melbourne,Victoria,Austria
Mid North Coast,New South Wales,Austria
Mornington Peninsula,Victoria,Austria
Northern Rivers,New South Wales,Austria
Sydney,New South Wales,Austria
Tasmania,,Austria
Western Australia,,Austria
Beijing,,Austria
Hong Kong,,Austria
Shanghai,,Austria
Tokyo,KantÅ,Austria
Singapore,,Austria
Taipei,Northern Taiwan,Austria
Bangkok,Central Thailand,Austria
Buenos Aires,Ciudad AutÃ³noma de,Austria
Belize,,Austria
Rio de Janeiro,,Austria
Santiago,RegiÃ³n Metropolitana de,Austria
Mexico City,Distrito Federal,Austria
Antwerp,Flemish Region,Belgium
Brussels,,Belgium
Ghent,Flemish Region,Belgium
Prague,,Belgium
Copenhagen,Hovedstaden,Belgium
Bordeaux,Nouvelle-Aquitaine,Belgium
Lyon,Auvergne-Rhone-Alpes,Belgium
Paris,Ãle-de-France,Belgium
Pays Basque,PyrÃ©nÃ©es-Atlantiques,Belgium
Berlin,,Belgium
Munich,Bavaria,Belgium
Athens,Attica,Belgium
Crete,,Belgium
South Aegean,,Belgium
Thessaloniki,Central Macedonia,Belgium
Dublin,Leinster,Belgium
Bergamo,Lombardia,Belgium
Bologna,Emilia-Romagna,Belgium
Florence,Toscana,Belgium
Milan,Lombardy,Belgium
Naples,Campania,Belgium
Puglia,,Belgium
Rome,Lazio,Belgium
Sicily,Sicilia,Belgium
Trentino,,Belgium
Venice,Veneto,Belgium
Riga,,Belgium
Oslo,,Belgium
Lisbon,,Belgium
Porto,Norte,Belgium
Barcelona,Catalonia,Belgium
Euskadi,,Belgium
Girona,Catalonia,Belgium
Madrid,Comunidad de,Belgium
Malaga,AndalucÃ­a,Belgium
Mallorca,Islas Baleares,Belgium
Menorca,Islas Baleares,Belgium
Sevilla,AndalucÃ­a,Belgium
Valencia,,Belgium
Stockholm,,Belgium
Geneva,,Belgium
Vaud,,Belgium
Zurich,ZÃ¼rich,Belgium
Amsterdam,North Holland,Belgium
Rotterdam,South Holland,Belgium
The Hague,South Holland,Belgium
Istanbul,Marmara,Belgium
Bristol,England,Belgium
Edinburgh,Scotland,Belgium
Greater Manchester,England,Belgium
London,England,Belgium
Cape Town,Western Cape,Belgium
Barossa Valley,South Australia,Belgium
"Barwon South West, Vic",Victoria,Belgium
Melbourne,Victoria,Belgium
Mid North Coast,New South Wales,Belgium
Mornington Peninsula,Victoria,Belgium
Northern Rivers,New South Wales,Belgium
Sydney,New South Wales,Belgium
Tasmania,,Belgium
Western Australia,,Belgium
Beijing,,Belgium
Hong Kong,,Belgium
Shanghai,,Belgium
Tokyo,KantÅ,Belgium
Singapore,,Belgium
Taipei,Northern Taiwan,Belgium
Bangkok,Central Thailand,Belgium
Buenos Aires,Ciudad AutÃ³noma de,Belgium
Belize,,Belgium
Rio de Janeiro,,Belgium
Santiago,RegiÃ³n Metropolitana de,Belgium
Mexico City,Distrito Federal,Belgium
Prague,,Czech Republic
Copenhagen,Hovedstaden,Czech Republic
Bordeaux,Nouvelle-Aquitaine,Czech Republic
Lyon,Auvergne-Rhone-Alpes,Czech Republic
Paris,Ãle-de-France,Czech Republic
Pays Basque,PyrÃ©nÃ©es-Atlantiques,Czech Republic
Berlin,,Czech Republic
Munich,Bavaria,Czech Republic
Athens,Attica,Czech Republic
Crete,,Czech Republic
South Aegean,,Czech Republic
Thessaloniki,Central Macedonia,Czech Republic
Dublin,Leinster,Czech Republic
Bergamo,Lombardia,Czech Republic
Bologna,Emilia-Romagna,Czech Republic
Florence,Toscana,Czech Republic
Milan,Lombardy,Czech Republic
Naples,Campania,Czech Republic
Puglia,,Czech Republic
Rome,Lazio,Czech Republic
Sicily,Sicilia,Czech Republic
Trentino,,Czech Republic
Venice,Veneto,Czech Republic
Riga,,Czech Republic
Oslo,,Czech Republic
Lisbon,,Czech Republic
Porto,Norte,Czech Republic
Barcelona,Catalonia,Czech Republic
Euskadi,,Czech Republic
Girona,Catalonia,Czech Republic
Madrid,Comunidad de,Czech Republic
Malaga,AndalucÃ­a,Czech Republic
Mallorca,Islas Baleares,Czech Republic
Menorca,Islas Baleares,Czech Republic
Sevilla,AndalucÃ­a,Czech Republic
Valencia,,Czech Republic
Stockholm,,Czech Republic
Geneva,,Czech Republic
Vaud,,Czech Republic
Zurich,ZÃ¼rich,Czech Republic
Amsterdam,North Holland,Czech Republic
Rotterdam,South Holland,Czech Republic
The Hague,South Holland,Czech Republic
Istanbul,Marmara,Czech Republic
Bristol,England,Czech Republic
Edinburgh,Scotland,Czech Republic
Greater Manchester,England,Czech Republic
London,England,Czech Republic
Cape Town,Western Cape,Czech Republic
Barossa Valley,South Australia,Czech Republic
"Barwon South West, Vic",Victoria,Czech Republic
Melbourne,Victoria,Czech Republic
Mid North Coast,New South Wales,Czech Republic
Mornington Peninsula,Victoria,Czech Republic
Northern Rivers,New South Wales,Czech Republic
Sydney,New South Wales,Czech Republic
Tasmania,,Czech Republic
Western Australia,,Czech Republic
Beijing,,Czech Republic
Hong Kong,,Czech Republic
Shanghai,,Czech Republic
Tokyo,KantÅ,Czech Republic
Singapore,,Czech Republic
Taipei,Northern Taiwan,Czech Republic
Bangkok,Central Thailand,Czech Republic
Buenos Aires,Ciudad AutÃ³noma de,Czech Republic
Belize,,Czech Republic
Rio de Janeiro,,Czech Republic
Santiago,RegiÃ³n Metropolitana de,Czech Republic
Mexico City,Distrito Federal,Czech Republic
Copenhagen,Hovedstaden,Denmark
Bordeaux,Nouvelle-Aquitaine,Denmark
Lyon,Auvergne-Rhone-Alpes,Denmark
Paris,Ãle-de-France,Denmark
Pays Basque,PyrÃ©nÃ©es-Atlantiques,Denmark
Berlin,,Denmark
Munich,Bavaria,Denmark
Athens,Attica,Denmark
Crete,,Denmark
South Aegean,,Denmark
Thessaloniki,Central Macedonia,Denmark
Dublin,Leinster,Denmark
Bergamo,Lombardia,Denmark
Bologna,Emilia-Romagna,Denmark
Florence,Toscana,Denmark
Milan,Lombardy,Denmark
Naples,Campania,Denmark
Puglia,,Denmark
Rome,Lazio,Denmark
Sicily,Sicilia,Denmark
Trentino,,Denmark
Venice,Veneto,Denmark
Riga,,Denmark
Oslo,,Denmark
Lisbon,,Denmark
Porto,Norte,Denmark
Barcelona,Catalonia,Denmark
Euskadi,,Denmark
Girona,Catalonia,Denmark
Madrid,Comunidad de,Denmark
Malaga,AndalucÃ­a,Denmark
Mallorca,Islas Baleares,Denmark
Menorca,Islas Baleares,Denmark
Sevilla,AndalucÃ­a,Denmark
Valencia,,Denmark
Stockholm,,Denmark
Geneva,,Denmark
Vaud,,Denmark
Zurich,ZÃ¼rich,Denmark
Amsterdam,North Holland,Denmark
Rotterdam,South Holland,Denmark
The Hague,South Holland,Denmark
Istanbul,Marmara,Denmark
Bristol,England,Denmark
Edinburgh,Scotland,Denmark
Greater Manchester,England,Denmark
London,England,Denmark
Cape Town,Western Cape,Denmark
Barossa Valley,South Australia,Denmark
"Barwon South West, Vic",Victoria,Denmark
Melbourne,Victoria,Denmark
Mid North Coast,New South Wales,Denmark
Mornington Peninsula,Victoria,Denmark
Northern Rivers,New South Wales,Denmark
Sydney,New South Wales,Denmark
Tasmania,,Denmark
Western Australia,,Denmark
Beijing,,Denmark
Hong Kong,,Denmark
Shanghai,,Denmark
Tokyo,KantÅ,Denmark
Singapore,,Denmark
Taipei,Northern Taiwan,Denmark
Bangkok,Central Thailand,Denmark
Buenos Aires,Ciudad AutÃ³noma de,Denmark
Belize,,Denmark
Rio de Janeiro,,Denmark
Santiago,RegiÃ³n Metropolitana de,Denmark
Mexico City,Distrito Federal,Denmark
Bordeaux,Nouvelle-Aquitaine,France
Lyon,Auvergne-Rhone-Alpes,France
Paris,Ãle-de-France,France
Pays Basque,PyrÃ©nÃ©es-Atlantiques,France
Berlin,,France
Munich,Bavaria,France
Athens,Attica,France
Crete,,France
South Aegean,,France
Thessaloniki,Central Macedonia,France
Dublin,Leinster,France
Bergamo,Lombardia,France
Bologna,Emilia-Romagna,France
Florence,Toscana,France
Milan,Lombardy,France
Naples,Campania,France
Puglia,,France
Rome,Lazio,France
Sicily,Sicilia,France
Trentino,,France
Venice,Veneto,France
Riga,,France
Oslo,,France
Lisbon,,France
Porto,Norte,France
Barcelona,Catalonia,France
Euskadi,,France
Girona,Catalonia,France
Madrid,Comunidad de,France
Malaga,AndalucÃ­a,France
Mallorca,Islas Baleares,France
Menorca,Islas Baleares,France
Sevilla,AndalucÃ­a,France
Valencia,,France
Stockholm,,France
Geneva,,France
Vaud,,France
Zurich,ZÃ¼rich,France
Amsterdam,North Holland,France
Rotterdam,South Holland,France
The Hague,South Holland,France
Istanbul,Marmara,France
Bristol,England,France
Edinburgh,Scotland,France
Greater Manchester,England,France
London,England,France
Cape Town,Western Cape,France
Barossa Valley,South Australia,France
"Barwon South West, Vic",Victoria,France
Melbourne,Victoria,France
Mid North Coast,New South Wales,France
Mornington Peninsula,Victoria,France
Northern Rivers,New South Wales,France
Sydney,New South Wales,France
Tasmania,,France
Western Australia,,France
Beijing,,France
Hong Kong,,France
Shanghai,,France
Tokyo,KantÅ,France
Singapore,,France
Taipei,Northern Taiwan,France
Bangkok,Central Thailand,France
Buenos Aires,Ciudad AutÃ³noma de,France
Belize,,France
Rio de Janeiro,,France
Santiago,RegiÃ³n Metropolitana de,France
Mexico City,Distrito Federal,France
Berlin,,Germany
Munich,Bavaria,Germany
Athens,Attica,Germany
Crete,,Germany
South Aegean,,Germany
Thessaloniki,Central Macedonia,Germany
Dublin,Leinster,Germany
Bergamo,Lombardia,Germany
Bologna,Emilia-Romagna,Germany
Florence,Toscana,Germany
Milan,Lombardy,Germany
Naples,Campania,Germany
Puglia,,Germany
Rome,Lazio,Germany
Sicily,Sicilia,Germany
Trentino,,Germany
Venice,Veneto,Germany
Riga,,Germany
Oslo,,Germany
Lisbon,,Germany
Porto,Norte,Germany
Barcelona,Catalonia,Germany
Euskadi,,Germany
Girona,Catalonia,Germany
Madrid,Comunidad de,Germany
Malaga,AndalucÃ­a,Germany
Mallorca,Islas Baleares,Germany
Menorca,Islas Baleares,Germany
Sevilla,AndalucÃ­a,Germany
Valencia,,Germany
Stockholm,,Germany
Geneva,,Germany
Vaud,,Germany
Zurich,ZÃ¼rich,Germany
Amsterdam,North Holland,Germany
Rotterdam,South Holland,Germany
The Hague,South Holland,Germany
Istanbul,Marmara,Germany
Bristol,England,Germany
Edinburgh,Scotland,Germany
Greater Manchester,England,Germany
London,England,Germany
Cape Town,Western Cape,Germany
Barossa Valley,South Australia,Germany
"Barwon South West, Vic",Victoria,Germany
Melbourne,Victoria,Germany
Mid North Coast,New South Wales,Germany
Mornington Peninsula,Victoria,Germany
Northern Rivers,New South Wales,Germany
Sydney,New South Wales,Germany
Tasmania,,Germany
Western Australia,,Germany
Beijing,,Germany
Hong Kong,,Germany
Shanghai,,Germany
Tokyo,KantÅ,Germany
Singapore,,Germany
Taipei,Northern Taiwan,Germany
Bangkok,Central Thailand,Germany
Buenos Aires,Ciudad AutÃ³noma de,Germany
Belize,,Germany
Rio de Janeiro,,Germany
Santiago,RegiÃ³n Metropolitana de,Germany
Mexico City,Distrito Federal,Germany
Athens,Attica,Greece
Crete,,Greece
South Aegean,,Greece
Thessaloniki,Central Macedonia,Greece
Dublin,Leinster,Greece
Bergamo,Lombardia,Greece
Bologna,Emilia-Romagna,Greece
Florence,Toscana,Greece
Milan,Lombardy,Greece
Naples,Campania,Greece
Puglia,,Greece
Rome,Lazio,Greece
Sicily,Sicilia,Greece
Trentino,,Greece
Venice,Veneto,Greece
Riga,,Greece
Oslo,,Greece
Lisbon,,Greece
Porto,Norte,Greece
Barcelona,Catalonia,Greece
Euskadi,,Greece
Girona,Catalonia,Greece
Madrid,Comunidad de,Greece
Malaga,AndalucÃ­a,Greece
Mallorca,Islas Baleares,Greece
Menorca,Islas Baleares,Greece
Sevilla,AndalucÃ­a,Greece
Valencia,,Greece
Stockholm,,Greece
Geneva,,Greece
Vaud,,Greece
Zurich,ZÃ¼rich,Greece
Amsterdam,North Holland,Greece
Rotterdam,South Holland,Greece
The Hague,South Holland,Greece
Istanbul,Marmara,Greece
Bristol,England,Greece
Edinburgh,Scotland,Greece
Greater Manchester,England,Greece
London,England,Greece
Cape Town,Western Cape,Greece
Barossa Valley,South Australia,Greece
"Barwon South West, Vic",Victoria,Greece
Melbourne,Victoria,Greece
Mid North Coast,New South Wales,Greece
Mornington Peninsula,Victoria,Greece
Northern Rivers,New South Wales,Greece
Sydney,New South Wales,Greece
Tasmania,,Greece
Western Australia,,Greece
Beijing,,Greece
Hong Kong,,Greece
Shanghai,,Greece
Tokyo,KantÅ,Greece
Singapore,,Greece
Taipei,Northern Taiwan,Greece
Bangkok,Central Thailand,Greece
Buenos Aires,Ciudad AutÃ³noma de,Greece
Belize,,Greece
Rio de Janeiro,,Greece
Santiago,RegiÃ³n Metropolitana de,Greece
Mexico City,Distrito Federal,Greece
Dublin,Leinster,Ireland
Bergamo,Lombardia,Ireland
Bologna,Emilia-Romagna,Ireland
Florence,Toscana,Ireland
Milan,Lombardy,Ireland
Naples,Campania,Ireland
Puglia,,Ireland
Rome,Lazio,Ireland
Sicily,Sicilia,Ireland
Trentino,,Ireland
Venice,Veneto,Ireland
Riga,,Ireland
Oslo,,Ireland
Lisbon,,Ireland
Porto,Norte,Ireland
Barcelona,Catalonia,Ireland
Euskadi,,Ireland
Girona,Catalonia,Ireland
Madrid,Comunidad de,Ireland
Malaga,AndalucÃ­a,Ireland
Mallorca,Islas Baleares,Ireland
Menorca,Islas Baleares,Ireland
Sevilla,AndalucÃ­a,Ireland
Valencia,,Ireland
Stockholm,,Ireland
Geneva,,Ireland
Vaud,,Ireland
Zurich,ZÃ¼rich,Ireland
Amsterdam,North Holland,Ireland
Rotterdam,South Holland,Ireland
The Hague,South Holland,Ireland
Istanbul,Marmara,Ireland
Bristol,England,Ireland
Edinburgh,Scotland,Ireland
Greater Manchester,England,Ireland
London,England,Ireland
Cape Town,Western Cape,Ireland
Barossa Valley,South Australia,Ireland
"Barwon South West, Vic",Victoria,Ireland
Melbourne,Victoria,Ireland
Mid North Coast,New South Wales,Ireland
Mornington Peninsula,Victoria,Ireland
Northern Rivers,New South Wales,Ireland
Sydney,New South Wales,Ireland
Tasmania,,Ireland
Western Australia,,Ireland
Beijing,,Ireland
Hong Kong,,Ireland
Shanghai,,Ireland
Tokyo,KantÅ,Ireland
Singapore,,Ireland
Taipei,Northern Taiwan,Ireland
Bangkok,Central Thailand,Ireland
Buenos Aires,Ciudad AutÃ³noma de,Ireland
Belize,,Ireland
Rio de Janeiro,,Ireland
Santiago,RegiÃ³n Metropolitana de,Ireland
Mexico City,Distrito Federal,Ireland
Bergamo,Lombardia,Italy
Bologna,Emilia-Romagna,Italy
Florence,Toscana,Italy
Milan,Lombardy,Italy
Naples,Campania,Italy
Puglia,,Italy
Rome,Lazio,Italy
Sicily,Sicilia,Italy
Trentino,,Italy
Venice,Veneto,Italy
Riga,,Italy
Oslo,,Italy
Lisbon,,Italy
Porto,Norte,Italy
Barcelona,Catalonia,Italy
Euskadi,,Italy
Girona,Catalonia,Italy
Madrid,Comunidad de,Italy
Malaga,AndalucÃ­a,Italy
Mallorca,Islas Baleares,Italy
Menorca,Islas Baleares,Italy
Sevilla,AndalucÃ­a,Italy
Valencia,,Italy
Stockholm,,Italy
Geneva,,Italy
Vaud,,Italy
Zurich,ZÃ¼rich,Italy
Amsterdam,North Holland,Italy
Rotterdam,South Holland,Italy
The Hague,South Holland,Italy
Istanbul,Marmara,Italy
Bristol,England,Italy
Edinburgh,Scotland,Italy
Greater Manchester,England,Italy
London,England,Italy
Cape Town,Western Cape,Italy
Barossa Valley,South Australia,Italy
"Barwon South West, Vic",Victoria,Italy
Melbourne,Victoria,Italy
Mid North Coast,New South Wales,Italy
Mornington Peninsula,Victoria,Italy
Northern Rivers,New South Wales,Italy
Sydney,New South Wales,Italy
Tasmania,,Italy
Western Australia,,Italy
Beijing,,Italy
Hong Kong,,Italy
Shanghai,,Italy
Tokyo,KantÅ,Italy
Singapore,,Italy
Taipei,Northern Taiwan,Italy
Bangkok,Central Thailand,Italy
Buenos Aires,Ciudad AutÃ³noma de,Italy
Belize,,Italy
Rio de Janeiro,,Italy
Santiago,RegiÃ³n Metropolitana de,Italy
Mexico City,Distrito Federal,Italy
Riga,,Latvia
Oslo,,Latvia
Lisbon,,Latvia
Porto,Norte,Latvia
Barcelona,Catalonia,Latvia
Euskadi,,Latvia
Girona,Catalonia,Latvia
Madrid,Comunidad de,Latvia
Malaga,AndalucÃ­a,Latvia
Mallorca,Islas Baleares,Latvia
Menorca,Islas Baleares,Latvia
Sevilla,AndalucÃ­a,Latvia
Valencia,,Latvia
Stockholm,,Latvia
Geneva,,Latvia
Vaud,,Latvia
Zurich,ZÃ¼rich,Latvia
Amsterdam,North Holland,Latvia
Rotterdam,South Holland,Latvia
The Hague,South Holland,Latvia
Istanbul,Marmara,Latvia
Bristol,England,Latvia
Edinburgh,Scotland,Latvia
Greater Manchester,England,Latvia
London,England,Latvia
Cape Town,Western Cape,Latvia
Barossa Valley,South Australia,Latvia
"Barwon South West, Vic",Victoria,Latvia
Melbourne,Victoria,Latvia
Mid North Coast,New South Wales,Latvia
Mornington Peninsula,Victoria,Latvia
Northern Rivers,New South Wales,Latvia
Sydney,New South Wales,Latvia
Tasmania,,Latvia
Western Australia,,Latvia
Beijing,,Latvia
Hong Kong,,Latvia
Shanghai,,Latvia
Tokyo,KantÅ,Latvia
Singapore,,Latvia
Taipei,Northern Taiwan,Latvia
Bangkok,Central Thailand,Latvia
Buenos Aires,Ciudad AutÃ³noma de,Latvia
Belize,,Latvia
Rio de Janeiro,,Latvia
Santiago,RegiÃ³n Metropolitana de,Latvia
Mexico City,Distrito Federal,Latvia
Oslo,,Norway
Lisbon,,Norway
Porto,Norte,Norway
Barcelona,Catalonia,Norway
Euskadi,,Norway
Girona,Catalonia,Norway
Madrid,Comunidad de,Norway
Malaga,AndalucÃ­a,Norway
Mallorca,Islas Baleares,Norway
Menorca,Islas Baleares,Norway
Sevilla,AndalucÃ­a,Norway
Valencia,,Norway
Stockholm,,Norway
Geneva,,Norway
Vaud,,Norway
Zurich,ZÃ¼rich,Norway
Amsterdam,North Holland,Norway
Rotterdam,South Holland,Norway
The Hague,South Holland,Norway
Istanbul,Marmara,Norway
Bristol,England,Norway
Edinburgh,Scotland,Norway
Greater Manchester,England,Norway
London,England,Norway
Cape Town,Western Cape,Norway
Barossa Valley,South Australia,Norway
"Barwon South West, Vic",Victoria,Norway
Melbourne,Victoria,Norway
Mid North Coast,New South Wales,Norway
Mornington Peninsula,Victoria,Norway
Northern Rivers,New South Wales,Norway
Sydney,New South Wales,Norway
Tasmania,,Norway
Western Australia,,Norway
Beijing,,Norway
Hong Kong,,Norway
Shanghai,,Norway
Tokyo,KantÅ,Norway
Singapore,,Norway
Taipei,Northern Taiwan,Norway
Bangkok,Central Thailand,Norway
Buenos Aires,Ciudad AutÃ³noma de,Norway
Belize,,Norway
Rio de Janeiro,,Norway
Santiago,RegiÃ³n Metropolitana de,Norway
Mexico City,Distrito Federal,Norway
Lisbon,,Portugal
Porto,Norte,Portugal
Barcelona,Catalonia,Portugal
Euskadi,,Portugal
Girona,Catalonia,Portugal
Madrid,Comunidad de,Portugal
Malaga,AndalucÃ­a,Portugal
Mallorca,Islas Baleares,Portugal
Menorca,Islas Baleares,Portugal
Sevilla,AndalucÃ­a,Portugal
Valencia,,Portugal
Stockholm,,Portugal
Geneva,,Portugal
Vaud,,Portugal
Zurich,ZÃ¼rich,Portugal
Amsterdam,North Holland,Portugal
Rotterdam,South Holland,Portugal
The Hague,South Holland,Portugal
Istanbul,Marmara,Portugal
Bristol,England,Portugal
Edinburgh,Scotland,Portugal
Greater Manchester,England,Portugal
London,England,Portugal
Cape Town,Western Cape,Portugal
Barossa Valley,South Australia,Portugal
"Barwon South West, Vic",Victoria,Portugal
Melbourne,Victoria,Portugal
Mid North Coast,New South Wales,Portugal
Mornington Peninsula,Victoria,Portugal
Northern Rivers,New South Wales,Portugal
Sydney,New South Wales,Portugal
Tasmania,,Portugal
Western Australia,,Portugal
Beijing,,Portugal
Hong Kong,,Portugal
Shanghai,,Portugal
Tokyo,KantÅ,Portugal
Singapore,,Portugal
Taipei,Northern Taiwan,Portugal
Bangkok,Central Thailand,Portugal
Buenos Aires,Ciudad AutÃ³noma de,Portugal
Belize,,Portugal
Rio de Janeiro,,Portugal
Santiago,RegiÃ³n Metropolitana de,Portugal
Mexico City,Distrito Federal,Portugal
Barcelona,Catalonia,Spain
Euskadi,,Spain
Girona,Catalonia,Spain
Madrid,Comunidad de,Spain
Malaga,AndalucÃ­a,Spain
Mallorca,Islas Baleares,Spain
Menorca,Islas Baleares,Spain
Sevilla,AndalucÃ­a,Spain
Valencia,,Spain
Stockholm,,Spain
Geneva,,Spain
Vaud,,Spain
Zurich,ZÃ¼rich,Spain
Amsterdam,North Holland,Spain
Rotterdam,South Holland,Spain
The Hague,South Holland,Spain
Istanbul,Marmara,Spain
Bristol,England,Spain
Edinburgh,Scotland,Spain
Greater Manchester,England,Spain
London,England,Spain
Cape Town,Western Cape,Spain
Barossa Valley,South Australia,Spain
"Barwon South West, Vic",Victoria,Spain
Melbourne,Victoria,Spain
Mid North Coast,New South Wales,Spain
Mornington Peninsula,Victoria,Spain
Northern Rivers,New South Wales,Spain
Sydney,New South Wales,Spain
Tasmania,,Spain
Western Australia,,Spain
Beijing,,Spain
Hong Kong,,Spain
Shanghai,,Spain
Tokyo,KantÅ,Spain
Singapore,,Spain
Taipei,Northern Taiwan,Spain
Bangkok,Central Thailand,Spain
Buenos Aires,Ciudad AutÃ³noma de,Spain
Belize,,Spain
Rio de Janeiro,,Spain
Santiago,RegiÃ³n Metropolitana de,Spain
Mexico City,Distrito Federal,Spain
Stockholm,,Sweden
Geneva,,Sweden
Vaud,,Sweden
Zurich,ZÃ¼rich,Sweden
Amsterdam,North Holland,Sweden
Rotterdam,South Holland,Sweden
The Hague,South Holland,Sweden
Istanbul,Marmara,Sweden
Bristol,England,Sweden
Edinburgh,Scotland,Sweden
Greater Manchester,England,Sweden
London,England,Sweden
Cape Town,Western Cape,Sweden
Barossa Valley,South Australia,Sweden
"Barwon South West, Vic",Victoria,Sweden
Melbourne,Victoria,Sweden
Mid North Coast,New South Wales,Sweden
Mornington Peninsula,Victoria,Sweden
Northern Rivers,New South Wales,Sweden
Sydney,New South Wales,Sweden
Tasmania,,Sweden
Western Australia,,Sweden
Beijing,,Sweden
Hong Kong,,Sweden
Shanghai,,Sweden
Tokyo,KantÅ,Sweden
Singapore,,Sweden
Taipei,Northern Taiwan,Sweden
Bangkok,Central Thailand,Sweden
Buenos Aires,Ciudad AutÃ³noma de,Sweden
Belize,,Sweden
Rio de Janeiro,,Sweden
Santiago,RegiÃ³n Metropolitana de,Sweden
Mexico City,Distrito Federal,Sweden
Geneva,,Switzerland
Vaud,,Switzerland
Zurich,ZÃ¼rich,Switzerland
Amsterdam,North Holland,Switzerland
Rotterdam,South Holland,Switzerland
The Hague,South Holland,Switzerland
Istanbul,Marmara,Switzerland
Bristol,England,Switzerland
Edinburgh,Scotland,Switzerland
Greater Manchester,England,Switzerland
London,England,Switzerland
Cape Town,Western Cape,Switzerland
Barossa Valley,South Australia,Switzerland
"Barwon South West, Vic",Victoria,Switzerland
Melbourne,Victoria,Switzerland
Mid North Coast,New South Wales,Switzerland
Mornington Peninsula,Victoria,Switzerland
Northern Rivers,New South Wales,Switzerland
Sydney,New South Wales,Switzerland
Tasmania,,Switzerland
Western Australia,,Switzerland
Beijing,,Switzerland
Hong Kong,,Switzerland
Shanghai,,Switzerland
Tokyo,KantÅ,Switzerland
Singapore,,Switzerland
Taipei,Northern Taiwan,Switzerland
Bangkok,Central Thailand,Switzerland
Buenos Aires,Ciudad AutÃ³noma de,Switzerland
Belize,,Switzerland
Rio de Janeiro,,Switzerland
Santiago,RegiÃ³n Metropolitana de,Switzerland
Mexico City,Distrito Federal,Switzerland
Amsterdam,North Holland,The Netherlands
Rotterdam,South Holland,The Netherlands
The Hague,South Holland,The Netherlands
Istanbul,Marmara,The Netherlands
Bristol,England,The Netherlands
Edinburgh,Scotland,The Netherlands
Greater Manchester,England,The Netherlands
London,England,The Netherlands
Cape Town,Western Cape,The Netherlands
Barossa Valley,South Australia,The Netherlands
"Barwon South West, Vic",Victoria,The Netherlands
Melbourne,Victoria,The Netherlands
Mid North Coast,New South Wales,The Netherlands
Mornington Peninsula,Victoria,The Netherlands
Northern Rivers,New South Wales,The Netherlands
Sydney,New South Wales,The Netherlands
Tasmania,,The Netherlands
Western Australia,,The Netherlands
Beijing,,The Netherlands
Hong Kong,,The Netherlands
Shanghai,,The Netherlands
Tokyo,KantÅ,The Netherlands
Singapore,,The Netherlands
Taipei,Northern Taiwan,The Netherlands
Bangkok,Central Thailand,The Netherlands
Buenos Aires,Ciudad AutÃ³noma de,The Netherlands
Belize,,The Netherlands
Rio de Janeiro,,The Netherlands
Santiago,RegiÃ³n Metropolitana de,The Netherlands
Mexico City,Distrito Federal,The Netherlands
Istanbul,Marmara,Turkey
Bristol,England,Turkey
Edinburgh,Scotland,Turkey
Greater Manchester,England,Turkey
London,England,Turkey
Cape Town,Western Cape,Turkey
Barossa Valley,South Australia,Turkey
"Barwon South West, Vic",Victoria,Turkey
Melbourne,Victoria,Turkey
Mid North Coast,New South Wales,Turkey
Mornington Peninsula,Victoria,Turkey
Northern Rivers,New South Wales,Turkey
Sydney,New South Wales,Turkey
Tasmania,,Turkey
Western Australia,,Turkey
Beijing,,Turkey
Hong Kong,,Turkey
Shanghai,,Turkey
Tokyo,KantÅ,Turkey
Singapore,,Turkey
Taipei,Northern Taiwan,Turkey
Bangkok,Central Thailand,Turkey
Buenos Aires,Ciudad AutÃ³noma de,Turkey
Belize,,Turkey
Rio de Janeiro,,Turkey
Santiago,RegiÃ³n Metropolitana de,Turkey
Mexico City,Distrito Federal,Turkey
Bristol,England,United Kingdom
Edinburgh,Scotland,United Kingdom
Greater Manchester,England,United Kingdom
London,England,United Kingdom
Cape Town,Western Cape,United Kingdom
Barossa Valley,South Australia,United Kingdom
"Barwon South West, Vic",Victoria,United Kingdom
Melbourne,Victoria,United Kingdom
Mid North Coast,New South Wales,United Kingdom
Mornington Peninsula,Victoria,United Kingdom
Northern Rivers,New South Wales,United Kingdom
Sydney,New South Wales,United Kingdom
Tasmania,,United Kingdom
Western Australia,,United Kingdom
Beijing,,United Kingdom
Hong Kong,,United Kingdom
Shanghai,,United Kingdom
Tokyo,KantÅ,United Kingdom
Singapore,,United Kingdom
Taipei,Northern Taiwan,United Kingdom
Bangkok,Central Thailand,United Kingdom
Buenos Aires,Ciudad AutÃ³noma de,United Kingdom
Belize,,United Kingdom
Rio de Janeiro,,United Kingdom
Santiago,RegiÃ³n Metropolitana de,United Kingdom
Mexico City,Distrito Federal,United Kingdom
Cape Town,Western Cape,South Africa
Barossa Valley,South Australia,South Africa
"Barwon South West, Vic",Victoria,South Africa
Melbourne,Victoria,South Africa
Mid North Coast,New South Wales,South Africa
Mornington Peninsula,Victoria,South Africa
Northern Rivers,New South Wales,South Africa
Sydney,New South Wales,South Africa
Tasmania,,South Africa
Western Australia,,South Africa
Beijing,,South Africa
Hong Kong,,South Africa
Shanghai,,South Africa
Tokyo,KantÅ,South Africa
Singapore,,South Africa
Taipei,Northern Taiwan,South Africa
Bangkok,Central Thailand,South Africa
Buenos Aires,Ciudad AutÃ³noma de,South Africa
Belize,,South Africa
Rio de Janeiro,,South Africa
Santiago,RegiÃ³n Metropolitana de,South Africa
Mexico City,Distrito Federal,South Africa
Barossa Valley,South Australia,Australia
"Barwon South West, Vic",Victoria,Australia
Melbourne,Victoria,Australia
Mid North Coast,New South Wales,Australia
Mornington Peninsula,Victoria,Australia
Northern Rivers,New South Wales,Australia
Sydney,New South Wales,Australia
Tasmania,,Australia
Western Australia,,Australia
Beijing,,Australia
Hong Kong,,Australia
Shanghai,,Australia
Tokyo,KantÅ,Australia
Singapore,,Australia
Taipei,Northern Taiwan,Australia
Bangkok,Central Thailand,Australia
Buenos Aires,Ciudad AutÃ³noma de,Australia
Belize,,Australia
Rio de Janeiro,,Australia
Santiago,RegiÃ³n Metropolitana de,Australia
Mexico City,Distrito Federal,Australia
Beijing,,China
Hong Kong,,China
Shanghai,,China
Tokyo,KantÅ,China
Singapore,,China
Taipei,Northern Taiwan,China
Bangkok,Central Thailand,China
Buenos Aires,Ciudad AutÃ³noma de,China
Belize,,China
Rio de Janeiro,,China
Santiago,RegiÃ³n Metropolitana de,China
Mexico City,Distrito Federal,China
Tokyo,KantÅ,Japan
Singapore,,Japan
Taipei,Northern Taiwan,Japan
Bangkok,Central Thailand,Japan
Buenos Aires,Ciudad AutÃ³noma de,Japan
Belize,,Japan
Rio de Janeiro,,Japan
Santiago,RegiÃ³n Metropolitana de,Japan
Mexico City,Distrito Federal,Japan
Singapore,,Singapore
Taipei,Northern Taiwan,Singapore
Bangkok,Central Thailand,Singapore
Buenos Aires,Ciudad AutÃ³noma de,Singapore
Belize,,Singapore
Rio de Janeiro,,Singapore
Santiago,RegiÃ³n Metropolitana de,Singapore
Mexico City,Distrito Federal,Singapore
Taipei,Northern Taiwan,Taiwan
Bangkok,Central Thailand,Taiwan
Buenos Aires,Ciudad AutÃ³noma de,Taiwan
Belize,,Taiwan
Rio de Janeiro,,Taiwan
Santiago,RegiÃ³n Metropolitana de,Taiwan
Mexico City,Distrito Federal,Taiwan
Bangkok,Central Thailand,Thailand
Buenos Aires,Ciudad AutÃ³noma de,Thailand
Belize,,Thailand
Rio de Janeiro,,Thailand
Santiago,RegiÃ³n Metropolitana de,Thailand
Mexico City,Distrito Federal,Thailand
Buenos Aires,Ciudad AutÃ³noma de,Argentina
Belize,,Argentina
Rio de Janeiro,,Argentina
Santiago,RegiÃ³n Metropolitana de,Argentina
Mexico City,Distrito Federal,Argentina
Belize,,Belize
Rio de Janeiro,,Belize
Santiago,RegiÃ³n Metropolitana de,Belize
Mexico City,Distrito Federal,Belize
Rio de Janeiro,,Brazil
Santiago,RegiÃ³n Metropolitana de,Brazil
Mexico City,Distrito Federal,Brazil
Santiago,RegiÃ³n Metropolitana de,Chile
Mexico City,Distrito Federal,Chile
Mexico City,Distrito Federal,Mexico
